work_order_id,date,asset_id,fault_type,downtime_hours,spare_used,spare_id_used,energy_kWh,units_produced
WO-2024-001,2024-09-02,A007,electrical,8.3,Y,S004,1026.9,24291
WO-2024-002,2024-09-07,A007,electrical,2.8,N,,972.0,24194
WO-2024-003,2024-09-19,A002,electrical,7.5,Y,S003,1072.1,21735
WO-2024-004,2024-09-24,A004,electrical,9.9,N,,1179.8,18862
WO-2024-005,2024-10-01,A010,mechanical,2.7,Y,S008,1280.2,25475
WO-2024-006,2024-10-02,A006,mechanical,2.9,Y,S002,526.2,19435
WO-2024-007,2024-10-07,A004,electrical,5.9,Y,S007,618.7,22162
WO-2024-008,2024-10-07,A003,electrical,6.8,N,,1229.1,22047
WO-2024-009,2024-10-12,A003,electrical,2.5,N,,763.4,26018
WO-2024-010,2024-10-15,A007,electrical,8.1,Y,S004,803.4,14662
WO-2024-011,2024-10-18,A007,electrical,2.4,Y,S003,973.4,21135
WO-2024-012,2024-11-04,A008,mechanical,3.3,Y,S005,1267.9,25179
WO-2024-013,2024-11-11,A001,electrical,5.8,N,,465.5,20765
WO-2024-014,2024-11-14,A006,electrical,5.0,Y,S002,943.4,15536
WO-2024-015,2024-11-26,A002,electrical,4.8,Y,S003,1006.0,26427
WO-2024-016,2024-11-27,A007,electrical,4.0,Y,S003,1203.4,17278
WO-2024-017,2024-12-01,A004,electrical,4.8,Y,S007,1276.5,18032
WO-2024-018,2024-12-02,A008,electrical,9.3,Y,S005,525.7,20920
WO-2024-019,2024-12-03,A009,electrical,6.5,N,,509.2,16044
WO-2024-020,2024-12-06,A007,electrical,7.2,Y,S003,408.4,23224
WO-2024-021,2024-12-10,A006,electrical,4.6,N,,741.2,22473
WO-2024-022,2024-12-11,A010,electrical,6.7,Y,S008,858.6,16649
WO-2024-023,2024-12-11,A002,electrical,2.3,Y,S003,1134.9,24210
WO-2024-024,2024-12-11,A002,electrical,3.4,Y,S003,767.7,27118
WO-2024-025,2024-12-11,A003,mechanical,5.5,Y,S005,426.0,25451
WO-2024-026,2024-12-13,A001,mechanical,7.6,Y,S002,492.3,12934
WO-2024-027,2024-12-14,A008,electrical,7.6,Y,S005,1001.1,22884
WO-2024-028,2024-12-14,A004,electrical,3.6,Y,S007,854.9,20581
WO-2024-029,2024-12-14,A010,electrical,8.5,N,,1005.5,17422
WO-2024-030,2024-12-14,A008,electrical,3.5,Y,S005,502.7,16953
WO-2024-031,2024-12-15,A004,electrical,4.3,N,,464.1,19524
WO-2024-032,2024-12-16,A007,electrical,4.4,Y,S004,898.1,20918
WO-2024-033,2024-12-18,A004,electrical,7.3,Y,S007,1177.9,18347
WO-2024-034,2024-12-19,A006,electrical,8.2,N,,1142.4,12467
WO-2024-035,2024-12-20,A009,electrical,3.2,Y,S006,1035.8,17094
WO-2024-036,2024-12-20,A009,mechanical,7.5,Y,S010,835.8,24861
WO-2024-037,2024-12-20,A008,electrical,8.5,Y,S005,845.8,14662
WO-2024-038,2024-12-23,A007,electrical,8.7,N,,1282.6,23158
WO-2024-039,2024-12-24,A010,electrical,6.7,Y,S008,606.0,14702
WO-2024-040,2024-12-27,A007,electrical,6.2,Y,S003,553.0,15604
WO-2024-041,2024-12-28,A007,electrical,6.3,Y,S004,926.1,24744
WO-2024-042,2024-12-31,A006,mechanical,9.9,Y,S002,647.0,23065
WO-2025-043,2025-01-01,A010,electrical,2.4,Y,S008,727.8,17781
WO-2025-044,2025-01-05,A009,electrical,2.5,N,,750.5,26544
WO-2025-045,2025-01-05,A008,electrical,9.6,N,,895.1,21179
WO-2025-046,2025-01-07,A008,electrical,8.5,Y,S005,1028.3,18967
WO-2025-047,2025-01-08,A009,electrical,3.3,N,,805.1,20265
WO-2025-048,2025-01-09,A009,mechanical,4.2,N,,884.4,23242
WO-2025-049,2025-01-09,A010,electrical,8.8,N,,478.0,20774
WO-2025-050,2025-01-10,A004,electrical,8.3,N,,1062.4,25118
WO-2025-051,2025-01-12,A006,electrical,4.8,Y,S001,948.2,17573
WO-2025-052,2025-01-13,A006,mechanical,9.8,Y,S002,610.2,20595
WO-2025-053,2025-01-14,A002,electrical,8.9,Y,S003,986.9,23234
WO-2025-054,2025-01-14,A001,electrical,4.9,N,,962.9,16376
WO-2025-055,2025-01-15,A005,electrical,9.5,Y,S009,794.0,23808
WO-2025-056,2025-01-15,A002,electrical,9.7,N,,1051.8,17867
WO-2025-057,2025-01-16,A002,electrical,3.7,Y,S004,551.0,26255
WO-2025-058,2025-01-19,A010,electrical,2.4,Y,S009,476.7,20962
WO-2025-059,2025-01-20,A005,electrical,4.2,N,,1282.2,19335
WO-2025-060,2025-01-21,A010,electrical,2.8,N,,489.7,24347
WO-2025-061,2025-01-26,A009,electrical,2.1,N,,1013.5,25672
WO-2025-062,2025-01-27,A007,electrical,4.3,Y,S004,919.6,27673
WO-2025-063,2025-01-29,A001,electrical,3.7,N,,946.0,20919
WO-2025-064,2025-01-29,A007,electrical,6.8,N,,522.9,15465
WO-2025-065,2025-01-30,A004,electrical,9.5,Y,S006,954.0,17164
WO-2025-066,2025-01-31,A007,electrical,8.3,Y,S004,805.5,20672
WO-2025-067,2025-02-05,A003,electrical,7.2,N,,563.3,23105
WO-2025-068,2025-02-06,A001,mechanical,5.4,Y,S002,1241.2,18322
WO-2025-069,2025-02-06,A005,electrical,6.8,Y,S009,792.8,23258
WO-2025-070,2025-02-06,A008,electrical,5.6,Y,S005,896.7,23583
WO-2025-071,2025-02-10,A001,electrical,3.7,Y,S001,905.1,27219
WO-2025-072,2025-02-12,A002,electrical,4.4,Y,S004,412.7,24710
WO-2025-073,2025-02-20,A004,electrical,6.7,Y,S007,813.6,26219
WO-2025-074,2025-02-21,A002,electrical,4.4,Y,S004,693.6,26999
WO-2025-075,2025-02-25,A008,mechanical,5.8,Y,S005,1003.1,17340
WO-2025-076,2025-02-26,A007,electrical,5.7,Y,S004,1168.0,16778
WO-2025-077,2025-02-26,A010,electrical,8.0,N,,1012.8,16648
WO-2025-078,2025-02-27,A001,mechanical,4.0,Y,S001,1009.0,25159
WO-2025-079,2025-02-27,A007,electrical,8.7,Y,S003,503.8,18008
WO-2025-080,2025-03-03,A006,mechanical,8.9,Y,S002,964.1,19969
WO-2025-081,2025-03-09,A008,electrical,4.4,N,,921.3,24987
WO-2025-082,2025-03-12,A009,electrical,9.6,N,,951.4,23468
WO-2025-083,2025-04-03,A005,electrical,6.4,Y,S008,815.3,16865
WO-2025-084,2025-04-05,A007,mechanical,7.2,Y,S004,508.9,18571
WO-2025-085,2025-04-10,A007,mechanical,9.8,Y,S004,704.7,23440
WO-2025-086,2025-04-13,A003,electrical,4.2,N,,1019.3,19221
WO-2025-087,2025-04-19,A009,electrical,6.5,Y,S010,1213.5,24221
WO-2025-088,2025-04-23,A001,electrical,5.8,N,,878.0,15103
WO-2025-089,2025-04-23,A009,electrical,9.2,Y,S007,792.3,12965
WO-2025-090,2025-04-23,A003,electrical,8.3,N,,729.3,21748
WO-2025-091,2025-04-24,A010,electrical,5.0,Y,S009,563.7,18570
WO-2025-092,2025-04-29,A002,electrical,7.6,N,,441.4,14739
WO-2025-093,2025-05-02,A009,electrical,3.9,Y,S010,657.2,20225
WO-2025-094,2025-05-04,A006,electrical,5.5,Y,S002,1274.7,17303
WO-2025-095,2025-05-06,A007,electrical,8.3,Y,S003,654.6,17081
WO-2025-096,2025-05-08,A003,mechanical,2.9,Y,S005,918.2,22401
WO-2025-097,2025-05-10,A001,mechanical,9.6,Y,S001,959.2,17454
WO-2025-098,2025-05-14,A010,electrical,9.5,Y,S008,982.9,17868
WO-2025-099,2025-05-18,A010,electrical,4.8,Y,S009,462.1,25854
WO-2025-100,2025-05-19,A006,electrical,6.8,N,,900.2,23085
WO-2025-101,2025-06-05,A005,mechanical,9.6,N,,665.6,19153
WO-2025-102,2025-06-07,A010,electrical,5.4,Y,S009,1209.1,15505
WO-2025-103,2025-06-07,A008,electrical,6.3,N,,715.0,25911
WO-2025-104,2025-06-11,A001,electrical,2.3,Y,S002,459.6,26002
WO-2025-105,2025-06-18,A010,electrical,2.0,Y,S009,1168.1,23515
WO-2025-106,2025-06-20,A007,electrical,7.0,Y,S003,1252.8,17848
WO-2025-107,2025-06-21,A003,electrical,8.3,Y,S005,746.3,22460
WO-2025-108,2025-06-22,A003,electrical,2.2,N,,699.0,23586
WO-2025-109,2025-07-05,A006,mechanical,2.2,Y,S001,1299.6,27833
WO-2025-110,2025-07-10,A008,mechanical,7.4,Y,S005,1250.7,23534
WO-2025-111,2025-07-12,A001,electrical,5.5,Y,S001,481.1,19717
WO-2025-112,2025-07-14,A010,electrical,2.2,Y,S008,1180.2,20042
WO-2025-113,2025-07-16,A008,electrical,9.2,N,,607.1,19062
WO-2025-114,2025-07-17,A005,electrical,6.1,Y,S009,1086.3,22744
WO-2025-115,2025-07-20,A010,electrical,2.2,N,,1190.8,21890
WO-2025-116,2025-07-27,A002,mechanical,3.1,Y,S003,1068.2,18876
WO-2025-117,2025-08-01,A004,electrical,7.5,Y,S006,1027.5,19484
WO-2025-118,2025-08-15,A004,electrical,5.9,Y,S007,1212.2,17193
WO-2025-119,2025-08-29,A002,electrical,6.0,Y,S004,1192.8,18468
WO-2025-120,2025-08-30,A009,electrical,7.6,Y,S007,607.5,26033
